{"cameraMode":{"drawMode":0,"name":"Shaded","section":"Shading Mode"},"sceneLighting":true,"audioPlay":false,"sceneViewState":{"m_AlwaysRefresh":false,"showFog":true,"showSkybox":true,"showFlares":true,"showImageEffects":true,"showParticleSystems":true,"showVisualEffectGraphs":true,"m_FxEnabled":false},"in2DMode":false,"pivot":{"x":2.0336015224456789,"y":2.578390598297119,"z":-0.04929912090301514},"rotation":{"x":0.45443278551101687,"y":0.02270970679819584,"z":-0.01159246452152729,"w":0.8904234170913696},"size":7.882963180541992,"orthographic":true}